{
    "problemMatcher": [
        {
            "owner": "coq-problem-matcher-oneline-warning",
            "pattern": [
                {
                    "regexp": "^File \"([^ \"]+)\", line (\\d+), characters (\\d+-\\d+):\\s*(?:%0A\\s*)?(Warning):\\s*(.*?)(?:\\s*\\[(.*)\\])?$",
                    "file": 1,
                    "line": 2,
                    "column": 3,
                    "severity": 4,
                    "message": 5,
                    "code": 6
                }
            ]
        }
    ]
}
